{
    "MODEL": {
        "ID": "6",
        "PLANT": {
            "Fsw": "100000",
            "Fctrl": "100000",			
            "Tuning": "0",
			"Interleaving": "3",
            "Vin": "400",
            "Vout": "12",
            "Pout": "300",
            "Vout_SenseMax": "16.03",
            "Rfltr": "1000",
            "Cfltr": "3.3e-10",
            "ProjectNonModifiable": "0"
        },
        "COMP": [
            {
                "TUNING": "10",
                "DCL_Kp": "0.349650340737655",
                "DCL_Ki": "0.00200005103159284",
                "A0": "1",
                "A1": "0",
                "A2": "0",
                "A3": "0",
                "B0": "2",
                "B1": "0",
                "B2": "0",
                "B3": "0",
                "z0": "31.8",
                "Qz0": "4.68705446301803",
                "z1": "13418",
                "z2": "1000000",
                "p0": "0",
                "p1": "31831",
                "Qp1": "1",
                "p2": "20000000000000",
                "gain": "0.35",
                "Kp": "2",
                "Ti": "0.00018896447",
                "Td": "0"
            },
            {
                "TUNING": "11",
                "DCL_Kp": "0.600449988185441",
                "DCL_Ki": "0.000100023629117252",
                "A0": "1",
                "A1": "1",
                "A2": "0",
                "A3": "0",
                "B0": "0.40004",
                "B1": "-0.39996",
                "B2": "0",
                "B3": "0",
                "z0": "2.651",
                "Qz0": "4.68705446301803",
                "z1": "13418",
                "z2": "1000000",
                "p0": "0",
                "p1": "31831",
                "Qp1": "1",
                "p2": "20000000000000",
                "gain": "0.6005",
                "Kp": "0.4",
                "Ti": "0.1",
                "Td": "0"
            },
            {
                "TUNING": "11",
                "DCL_Kp": "0.600449988185441",
                "DCL_Ki": "0.000100023629117252",
                "A0": "1",
                "A1": "0",
                "A2": "0",
                "A3": "0",
                "B0": "1",
                "B1": "0",
                "B2": "0",
                "B3": "0",
                "z0": "2.651",
                "Qz0": "4.68705446301803",
                "z1": "13418",
                "z2": "1000000",
                "p0": "0",
                "p1": "31831",
                "Qp1": "1",
                "p2": "20000000000000",
                "gain": "0.6005",
                "Kp": "1",
                "Ti": "1E-06",
                "Td": "0"
            }
        ],
        "COMP_OPTIONS": {
            "COMP_NUM": "0",
            "MODEL_STYLE": "0",
            "SFRAPATH": "C:/Users/rd160/workspace_v13/PCMC_PSFB_F28004x_ACM/SFRAData/SFRAData.csv",
            "COMP_ABS_LIMIT": "256",
            "COMP_STYLE": "0"
        }
    }
}
